{
  "checkpoint": "/vol/outputs/training_w2s_sr_swinir_2x/checkpoints/best.pt",
  "trainer_val_psnr": 25.74536590576172,
  "val": {
    "split": "val",
    "n_fovs": 13,
    "n_samples": 39,
    "fov_ids": [
      2,
      8,
      9,
      17,
      33,
      52,
      62,
      63,
      69,
      83,
      98,
      99,
      109
    ],
    "model": {
      "psnr_clip": {
        "mean": 23.15981771389049,
        "std": 4.458114612454484,
        "per_fov": [
          15.49957640784308,
          17.404273423854654,
          20.586605973823286,
          27.158412734715323,
          17.87885578940583,
          27.13765699719983,
          21.929342713272366,
          27.194717498860985,
          24.263587401220985,
          19.67981011961901,
          24.50626525420036,
          28.22424545239934,
          29.61428051416137
        ]
      },
      "psnr_noclip": {
        "mean": 21.96514452855295,
        "std": 5.212959390652489,
        "per_fov": [
          13.69123739555044,
          14.726183998519382,
          18.344933196648594,
          27.150379052439234,
          15.418181930690212,
          25.645450014777357,
          21.372584938733727,
          26.905349090267993,
          23.222225859794246,
          18.47148593857584,
          22.838922333073658,
          28.145664607956302,
          29.61428051416137
        ]
      },
      "rmse_clip": {
        "mean": 0.08667200814986968,
        "std": 0.045341648503773695,
        "per_fov": [
          0.17741022638904178,
          0.15401369299870843,
          0.11468547200522929,
          0.044439067215367195,
          0.1355105417531728,
          0.05093417604229943,
          0.09269465372978562,
          0.04627712965638633,
          0.06664131532950919,
          0.1050515704736948,
          0.0628594966977121,
          0.042375553306292855,
          0.03384321035110597
        ]
      },
      "rmse_noclip": {
        "mean": 0.11027485022408513,
        "std": 0.06687009827750316,
        "per_fov": [
          0.2254157512017064,
          0.22861571369063918,
          0.16029243338722343,
          0.04448988881393238,
          0.18895828105637955,
          0.06983283949211624,
          0.10393236492574244,
          0.048226117864274255,
          0.08068553680839495,
          0.12518641655030996,
          0.08116703110168558,
          0.042927467669596375,
          0.03384321035110597
        ]
      },
      "ssim": {
        "mean": 0.8157748017392021,
        "std": 0.07296529315395993,
        "per_fov": [
          0.735563052244674,
          0.6751854636228951,
          0.7585282202245341,
          0.8947686194557205,
          0.7847609912477426,
          0.8656645029575506,
          0.821309109527999,
          0.878198271367782,
          0.7328341811896606,
          0.816924265508849,
          0.8221415368049962,
          0.8813991244808697,
          0.9377950839763525
        ]
      }
    },
    "bicubic_avg400": {
      "psnr_clip": {
        "mean": 21.338638674176348,
        "std": 4.369271596921263,
        "per_fov": [
          13.739978669016716,
          16.34053042890831,
          20.357874608582602,
          24.972620881290243,
          15.931051198421223,
          26.213914549653044,
          19.419758378719465,
          25.24942912507679,
          22.770481391581352,
          17.36752310724169,
          21.50370652163365,
          25.64860154511705,
          27.886832359050413
        ]
      },
      "psnr_noclip": {
        "mean": 20.15126869383822,
        "std": 5.135865659247637,
        "per_fov": [
          10.903150568373844,
          13.798572056029267,
          18.088246173164837,
          24.969402644474602,
          14.236921619130927,
          24.776437120704344,
          18.071698392723132,
          25.10596708292452,
          21.521137185416347,
          16.430558432931246,
          20.692424380245967,
          25.485145004727418,
          27.886832359050413
        ]
      },
      "rmse_clip": {
        "mean": 0.10516057980950513,
        "std": 0.05060886155718071,
        "per_fov": [
          0.211783124486556,
          0.16448181712019147,
          0.12197337884862286,
          0.05960784789948814,
          0.16645608332357612,
          0.06312205268688252,
          0.11725003370948844,
          0.06278003185339426,
          0.07470005701761302,
          0.13737530967688574,
          0.08853238418588244,
          0.05814690931938907,
          0.04087850739559636
        ]
      },
      "rmse_noclip": {
        "mean": 0.13449775248362889,
        "std": 0.07914331950656406,
        "per_fov": [
          0.31168082227113264,
          0.24327487251884786,
          0.175125293890406,
          0.05963836297324233,
          0.20841476877651352,
          0.08580402652254397,
          0.15303383562603323,
          0.06422346226444269,
          0.0917730910031506,
          0.15546542038909758,
          0.0991782004615517,
          0.05998011819461709,
          0.04087850739559636
        ]
      },
      "ssim": {
        "mean": 0.8060671181994127,
        "std": 0.07556373867436077,
        "per_fov": [
          0.7243940629237873,
          0.6634038922623443,
          0.7332258504296361,
          0.8869751316194362,
          0.772277197022286,
          0.8560990682855872,
          0.8100923792737106,
          0.8707264352866838,
          0.7312929399500944,
          0.8076222830812337,
          0.8119614325460708,
          0.8726256075899341,
          0.9381762563215594
        ]
      }
    },
    "hr_pct_outside_01": {
      "mean": 4.604906913561698,
      "std": 4.70851062429677
    }
  },
  "test": {
    "split": "test",
    "n_fovs": 13,
    "n_samples": 39,
    "fov_ids": [
      10,
      31,
      48,
      80,
      85,
      88,
      89,
      93,
      94,
      96,
      97,
      110,
      115
    ],
    "model": {
      "psnr_clip": {
        "mean": 21.21643772112852,
        "std": 2.8786948042488385,
        "per_fov": [
          20.272537568266227,
          21.751670168948163,
          16.89270278614072,
          17.56115583559615,
          20.17245714791066,
          25.884931644809626,
          23.57406846932987,
          20.44665930133738,
          23.91475781698429,
          23.57445718558371,
          24.581500342806248,
          16.65238380599628,
          20.534408300961463
        ]
      },
      "psnr_noclip": {
        "mean": 20.11073419286147,
        "std": 3.500980550118855,
        "per_fov": [
          18.713559949897643,
          21.13873042123643,
          15.387442303592442,
          15.003158786275776,
          18.709390208778206,
          25.87187750208801,
          23.266224504632845,
          19.246908667221657,
          23.57966067242748,
          22.8202808421121,
          23.9570279831959,
          15.01036501342008,
          18.734917652320515
        ]
      },
      "rmse_clip": {
        "mean": 0.10025793917750292,
        "std": 0.03581582374425963,
        "per_fov": [
          0.11501445484163102,
          0.08307324475148813,
          0.17408306973287688,
          0.13856726275626235,
          0.09993136313862004,
          0.05713573585071116,
          0.07193985923441058,
          0.1023071497383104,
          0.07101577063063962,
          0.07106485410866938,
          0.062245156360456494,
          0.1587642074990839,
          0.09821108066437821
        ]
      },
      "rmse_noclip": {
        "mean": 0.12159677082354926,
        "std": 0.053315396447881296,